Sample,Prior MAE (14d),Post MAE (14d),Improvement (14d),Prior MAE (28d),Post MAE (28d),Improvement (28d),Unc. Reduction (14d),Unc. Reduction (28d)
Low Strength,8.377647171020506,5.135240325927732,38.7030723412264,12.442511978149415,9.20021194458008,26.058243216990384,56.58034086227417,56.57336115837097
Medium Strength,0.1421052917480523,1.225544165039068,-762.4197944802187,2.6978057006835954,3.780725775146486,-40.140773451123266,10.732382535934448,10.721522569656372
High Strength,2.064167633056641,2.2949377441406256,-11.179814438920232,4.451729736328126,4.68243881225586,-5.182459169635661,43.942055106163025,43.909865617752075
